id,측정일시,전력사용량_예측,탄소배출량_예측,전기요금_예측,단가,작업유형,작업휴무,month,day,hour,minute,지상역률(%),진상역률(%)
32064,2024-12-01 00:15:00,5.398687758909411,0.0020973122773838,758.7421617292044,216.0,Light_Load,가동,12,1,0,15,61.36903703703703,99.99762962962964
